NFM-0V	05R-7A
QKTR-L	0-GZX9
0-R5TS	0MV-4W
J7YR-1	0P9Z-I
0MV-4W	0-R5TS
8TPX-N	0R-F2F
OE-4HB	0-UVHJ
D7T-C0	0-YMBJ
UMI-KK	15W-GC
IPAY-2	1-GBBP
NTV0-1	1G-MJE
FMBR-8	1W-0KS
MO-FIF	2DWM-2
KV-8SN	3DR-CR
O-0ERG	3HX-DL
I-7RIS	4-48K1
WBR5-R	47L-J4
52G-NZ	4-BE0M
S-B7IT	4DTQ-K
Q-CAB2	4GYV-Q
P3EN-E	4-HWWF
4-BE0M	52G-NZ
ZXA-V6	5-O8B1
ME-4IU	5-P1Y2
A3-RQ3	5T-KM3
V-NL3K	669-IX
H-NOU5	6WW-28
IT-YAU	6Y-WRK
M-MD31	7-K5EL
U54-1L	7-UH4Z
C-4ZOS	8-4GQM
0R-F2F	8TPX-N
X445-5	9GI-FB
MC6O-F	9OO-LH
5T-KM3	A3-RQ3
MY-T2P	A8A-JN
LXWN-W	A-G1FM
XM-4L0	AH-B84
NBPH-N	AP9-LV
D7-ZAC	AW1-2I
K8X-6B	AZBR-2
R4O-I6	B8O-KJ
MA-VDX	BKG-Q2
KL3O-J	BU-IU4
YMJG-4	C2X-M5
8-4GQM	C-4ZOS
Y-ZXIO	C-FP70
Z-K495	C-LP3N
0-YMBJ	D7T-C0
AW1-2I	D7-ZAC
H-W9TY	DAYP-G
V0DF-2	DBT-GB
X47L-Q	DL1C-E
LR-2XT	EOA-ZC
GEKJ-9	E-OGL4
X4UV-Z	EOY-BG
M-OEE8	F-749O
ZA0L-U	FA-DMO
WH-JCA	F-G7BO
VORM-W	FH-TTC
1W-0KS	FMBR-8
E-OGL4	GEKJ-9
KX-2UI	H-1EOH
PM-DWE	H-5GUI
VI2K-J	HE-V4V
6WW-28	H-NOU5
IFJ-EL	H-UCD1
DAYP-G	H-W9TY
4-48K1	I-7RIS
H-UCD1	IFJ-EL
ZJ-QOO	IG-ZAM
T-ZWA1	IMK-K1
1-GBBP	IPAY-2
NCGR-Q	IR-DYY
6Y-WRK	IT-YAU
JRZ-B9	J52-BH
0P9Z-I	J7YR-1
S-NJBB	J-GAMP
J52-BH	JRZ-B9
P7Z-R3	JSI-LL
AZBR-2	K8X-6B
BU-IU4	KL3O-J
V-LDEJ	KMQ4-V
3DR-CR	KV-8SN
H-1EOH	KX-2UI
EOA-ZC	LR-2XT
A-G1FM	LXWN-W
BKG-Q2	MA-VDX
9OO-LH	MC6O-F
5-P1Y2	ME-4IU
7-K5EL	M-MD31
F-749O	M-OEE8
2DWM-2	MO-FIF
Y0-BVN	MSHD-4
A8A-JN	MY-T2P
ZIU-EP	MZPH-W
AP9-LV	NBPH-N
IR-DYY	NCGR-Q
05R-7A	NFM-0V
SH1-6P	N-HSK0
TVN-FM	NJ4X-S
1G-MJE	NTV0-1
3HX-DL	O-0ERG
0-UVHJ	OE-4HB
4-HWWF	P3EN-E
JSI-LL	P7Z-R3
H-5GUI	PM-DWE
RO90-H	PUWL-4
4GYV-Q	Q-CAB2
X7R-JW	QCWA-Z
TZL-WT	Q-EHMJ
0-GZX9	QKTR-L
B8O-KJ	R4O-I6
PUWL-4	RO90-H
4DTQ-K	S-B7IT
Z-LO6I	S-EVIQ
N-HSK0	SH1-6P
J-GAMP	S-NJBB
System	System
X97D-W	T-GCGL
V-MZW0	TJM-JJ
From	To
NJ4X-S	TVN-FM
Q-EHMJ	TZL-WT
IMK-K1	T-ZWA1
Z-SR1I	U1TX-A
7-UH4Z	U54-1L
15W-GC	UMI-KK
DBT-GB	V0DF-2
HE-V4V	VI2K-J
KMQ4-V	V-LDEJ
TJM-JJ	V-MZW0
669-IX	V-NL3K
FH-TTC	VORM-W
47L-J4	WBR5-R
F-G7BO	WH-JCA
9GI-FB	X445-5
DL1C-E	X47L-Q
EOY-BG	X4UV-Z
QCWA-Z	X7R-JW
T-GCGL	X97D-W
AH-B84	XM-4L0
MSHD-4	Y0-BVN
C2X-M5	YMJG-4
C-FP70	Y-ZXIO
FA-DMO	ZA0L-U
MZPH-W	ZIU-EP
IG-ZAM	ZJ-QOO
C-LP3N	Z-K495
S-EVIQ	Z-LO6I
U1TX-A	Z-SR1I
5-O8B1	ZXA-V6
